38265446,"AM010001"
28924522,"AM010002"
34526031,"AM010003"
38375064,"AM010004"
18147760,"AM010005"
19269252,"AM010006"
38302910,"AM010007"
38389241,"AM010008"
35295121,"AM010009"
11823784,"AM010010"
38471900,"AM010011"
11895190,"AM010012"
38204542,"AM010013"
38437753,"AM010014"
10846203,"AM010015"
34637405,"AM010016"
38434033,"AM010017"
30744697,"AM010018"
38466915,"AM010019"
16797657,"AM010020"
12702099,"AM010021"
38533637,"AM010022"
34451687,"AM010023"
17988021,"AM010024"
37190835,"AM010025"
24292526,"AM010026"
21433760,"AM010027"
38768736,"AM010028"
38677760,"AM010029"
30169568,"AM010030"
10722080,"AM010031"
23199097,"AM010032"
38841958,"AM010033"
16939475,"AM010034"
38740170,"AM010035"
38910436,"AM010036"
12942734,"AM010037"
37502748,"AM010038"
38608872,"AM010039"
35037091,"AM010040"
38998599,"AM010041"
38106251,"AM010042"
38904316,"AM010043"
39039570,"AM010044"
38986387,"AM010045"
39005476,"AM010046"
21604531,"AM010047"
13992198,"AM010048"
39171986,"AM010049"
19942898,"AM010050"
39209177,"AM010051"
39246943,"AM010052"
39365084,"AM010053"
15387901,"AM010054"
32977828,"AM010055"
39336233,"AM010056"
39383789,"AM010057"
39277815,"AM010058"
39230474,"AM010059"
20136763,"AM010060"
39246897,"AM010061"
24768984,"AM010062"
16715213,"AM010063"
12974755,"AM010064"
39517986,"AM010065"
39427773,"AM010066"
39097615,"AM010067"
39488521,"AM010068"
35366775,"AM010069"
11247708,"AM010070"
12487174,"AM010071"
18276846,"AM010072"
39673778,"AM010073"
39687854,"AM010074"
21066379,"AM010075"
22787819,"AM010076"
39721420,"AM010077"
39661489,"AM010078"
26164728,"AM010079"
39615183,"AM010080"
39774556,"AM010081"
12520886,"AM010082"
11188979,"AM010083"
26806022,"AM010084"
27008225,"AM010085"
39906214,"AM010086"
39800455,"AM010087"
39819086,"AM010088"
38389948,"AM010089"
16912526,"AM010090"
36651560,"AM010091"
40261531,"AM010092"
40286910,"AM010093"
40282273,"AM010094"
33660015,"AM010095"
34886670,"AM010096"
40342656,"AM010097"
19087816,"AM010098"
40372291,"AM010099"
15113908,"AM010100"
23642027,"AM010101"
12577952,"AM010102"
24612269,"AM010103"
40398457,"AM010104"
40436025,"AM010105"
39929022,"AM010106"
40219910,"AM010107"
25378904,"AM010108"
37243203,"AM010109"
40577755,"AM010110"
17413402,"AM010111"
40567549,"AM010112"
27644739,"AM010113"
40463298,"AM010114"
11222855,"AM010115"
40554358,"AM010116"
40670591,"AM010117"
38002979,"AM010118"
25985357,"AM010119"
22494340,"AM010120"
30744008,"AM010121"
30850554,"AM010122"
30792090,"AM010123"
30298404,"AM010124"
30270622,"AM010125"
30847370,"AM010126"
30850390,"AM010127"
30876974,"AM010128"
30980905,"AM010129"
31056083,"AM010130"
29878817,"AM010131"
31054777,"AM010132"
31022143,"AM010133"
27261336,"AM010134"
31036344,"AM010135"
31110499,"AM010136"
30992597,"AM010137"
29901856,"AM010138"
31160937,"AM010139"
14379084,"AM010140"
31190729,"AM010141"
31192213,"AM010142"
14424131,"AM010143"
31149909,"AM010144"
18311136,"AM010145"
31383127,"AM010146"
31307433,"AM010147"
31437613,"AM010148"
31344247,"AM010149"
31447658,"AM010150"
29572429,"AM010151"
22299437,"AM010152"
31551052,"AM010153"
31562261,"AM010154"
31653150,"AM010155"
23268272,"AM010156"
18655797,"AM010157"
31688644,"AM010158"
31656351,"AM010159"
31710729,"AM010160"
31732837,"AM010161"
26522595,"AM010162"
18782079,"AM010163"
31893035,"AM010164"
31939397,"AM010165"
31961875,"AM010166"
28944401,"AM010167"
31929390,"AM010168"
31874104,"AM010169"
32027608,"AM010170"
32083761,"AM010171"
32042816,"AM010172"
32153994,"AM010173"
16541032,"AM010174"
32154771,"AM010175"
32188774,"AM010176"
32054749,"AM010177"
32193187,"AM010178"
32259979,"AM010179"
32146840,"AM010180"
32183678,"AM010181"
18322833,"AM010182"
32028478,"AM010183"
32289204,"AM010184"
32391385,"AM010185"
32354177,"AM010186"
32477397,"AM010187"
32509388,"AM010188"
32474824,"AM010189"
13963208,"AM010190"
32607516,"AM010191"
32483246,"AM010192"
32674415,"AM010193"
31107392,"AM010194"
32707353,"AM010195"
28635132,"AM010196"
32756153,"AM010197"
12924680,"AM010198"
32810381,"AM010199"
32834370,"AM010200"
34031007,"AM010201"
11385004,"AM010202"
34117374,"AM010203"
15017567,"AM010204"
33975887,"AM010205"
31530233,"AM010206"
34103267,"AM010207"
34095429,"AM010208"
34120712,"AM010209"
34094349,"AM010210"
34181414,"AM010211"
23151622,"AM010212"
32769971,"AM010213"
34238295,"AM010214"
27252806,"AM010215"
34196252,"AM010216"
34231179,"AM010217"
19097046,"AM010218"
34285114,"AM010219"
34145735,"AM010220"
34291638,"AM010221"
21047998,"AM010222"
34274880,"AM010223"
32319888,"AM010224"
21125728,"AM010225"
34389751,"AM010226"
34344981,"AM010227"
34410244,"AM010228"
34391259,"AM010229"
34431056,"AM010230"
34316126,"AM010231"
34351554,"AM010232"
34454655,"AM010233"
34473290,"AM010234"
34470215,"AM010235"
34502477,"AM010236"
13402866,"AM010237"
24281184,"AM010238"
34838099,"AM010239"
34832419,"AM010240"
34832510,"AM010241"
32898134,"AM010242"
15103406,"AM010243"
34824216,"AM010244"
35004712,"AM010245"
34968635,"AM010246"
34966367,"AM010247"
35050227,"AM010248"
35098661,"AM010249"
35161374,"AM010250"
28571308,"AM010251"
35085285,"AM010252"
35256816,"AM010253"
35163109,"AM010254"
35147626,"AM010255"
27893252,"AM010256"
23192229,"AM010257"
15023238,"AM010258"
34759406,"AM010259"
35354859,"AM010260"
35388535,"AM010261"
35218061,"AM010262"
17414816,"AM010263"
35414960,"AM010264"
35347116,"AM010265"
35410999,"AM010266"
35309873,"AM010267"
35441645,"AM010268"
35494461,"AM010269"
35519649,"AM010270"
35478995,"AM010271"
29478541,"AM010272"
35592271,"AM010273"
31283513,"AM010274"
35758684,"AM010275"
15815468,"AM010276"
35835668,"AM010277"
33572202,"AM010278"
35833453,"AM010279"
35849869,"AM010280"
29064517,"AM010281"
35848741,"AM010282"
35845317,"AM010283"
35904906,"AM010284"
35784739,"AM010285"
20911197,"AM010286"
17249283,"AM010287"
35916327,"AM010288"
35951180,"AM010289"
35949358,"AM010290"
32443736,"AM010291"
35966601,"AM010292"
36000869,"AM010293"
28309495,"AM010294"
14830060,"AM010295"
36011489,"AM010296"
35840761,"AM010297"
12102132,"AM010298"
36026311,"AM010299"
36052714,"AM010300"
35957335,"AM010301"
33422585,"AM010302"
36077807,"AM010303"
36080168,"AM010304"
13855903,"AM010305"
23848678,"AM010306"
36097661,"AM010307"
35823317,"AM010308"
36112995,"AM010309"
36101887,"AM010310"
20767059,"AM010311"
16899971,"AM010312"
36026993,"AM010313"
36084641,"AM010314"
22915791,"AM010315"
36157099,"AM010316"
18046285,"AM010317"
36231733,"AM010318"
36296987,"AM010319"
36332232,"AM010320"
36333242,"AM010321"
36415632,"AM010322"
36421327,"AM010323"
36460827,"AM010324"
12950355,"AM010325"
26780911,"AM010326"
36324558,"AM010327"
20761082,"AM010328"
11212555,"AM010329"
36577383,"AM010330"
36574810,"AM010331"
36567968,"AM010332"
12965054,"AM010333"
31830267,"AM010334"
36615209,"AM010335"
36632095,"AM010336"
36545588,"AM010337"
33970457,"AM010338"
36652385,"AM010339"
36706763,"AM010340"
36582981,"AM010341"
33167787,"AM010342"
23576081,"AM010343"
24438810,"AM010344"
36700811,"AM010345"
12124341,"AM010346"
27729755,"AM010347"
36813452,"AM010348"
36986002,"AM010349"
36729177,"AM010350"
30762330,"AM010351"
19667731,"AM010352"
30551655,"AM010353"
18701366,"AM010354"
17870175,"AM010355"
36062139,"AM010356"
32829284,"AM010357"
13928212,"AM010358"
24764425,"AM010359"
37389767,"AM010360"
37421212,"AM010361"
37299547,"AM010362"
37477981,"AM010363"
37476267,"AM010364"
24895545,"AM010365"
37524623,"AM010366"
37530628,"AM010367"
18698073,"AM010368"
20755809,"AM010369"
37499695,"AM010370"
33506560,"AM010371"
37578295,"AM010372"
37551788,"AM010373"
15972316,"AM010374"
37501480,"AM010375"
17832591,"AM010376"
37616654,"AM010377"
37601272,"AM010378"
37642608,"AM010379"
20627649,"AM010380"
19254515,"AM010381"
37714394,"AM010382"
18611069,"AM010383"
37719368,"AM010384"
13972620,"AM010385"
37734608,"AM010386"
37760739,"AM010387"
27565115,"AM010388"
37403896,"AM010389"
37802176,"AM010390"
30285237,"AM010391"
37853181,"AM010392"
14409048,"AM010393"
37906218,"AM010394"
37734398,"AM010395"
37943589,"AM010396"
37709246,"AM010397"
19349901,"AM010398"
30907397,"AM010399"
37985747,"AM010400"
20913876,"AM010401"
38097960,"AM010402"
23054839,"AM010403"
38098381,"AM010404"
14666182,"AM010405"
38191730,"AM010406"
37924177,"AM010407"
37945958,"AM010408"
28763392,"AM010409"
24276315,"AM010410"
38180730,"AM010411"
38301210,"AM010412"
38320211,"AM010413"
38370122,"AM010414"
38308879,"AM010415"
38496048,"AM010416"
19531421,"AM010417"
10701906,"AM010418"
38353970,"AM010419"
29182624,"AM010420"
38560444,"AM010421"
38542554,"AM010422"
33922612,"AM010423"
13288387,"AM010424"
38638448,"AM010425"
38623864,"AM010426"
16681954,"AM010427"
37429139,"AM010428"
19887528,"AM010429"
24742038,"AM010430"
21500660,"AM010431"
33221939,"AM010432"
23983254,"AM010433"
22801955,"AM010434"
33572668,"AM010435"
34582187,"AM010436"
33888798,"AM010437"
19664585,"AM010438"
37357405,"AM010439"
35668426,"AM010440"
38222951,"AM010441"
24522380,"AM010442"
30788077,"AM010443"
36721522,"AM010444"
14036387,"AM010445"
30680685,"AM010446"
30763100,"AM010447"
30864010,"AM010448"
23958962,"AM010449"
25583946,"AM010450"
30811629,"AM010451"
20742841,"AM010452"
30896846,"AM010453"
16706637,"AM010454"
10589391,"AM010455"
30863079,"AM010456"
30895456,"AM010457"
30849770,"AM010458"
30852411,"AM010459"
30965557,"AM010460"
14595413,"AM010461"
11002222,"AM010462"
31037765,"AM010463"
22923862,"AM010464"
23845578,"AM010465"
28483540,"AM010466"
13593072,"AM010467"
31104463,"AM010468"
31114080,"AM010469"
30934306,"AM010470"
31122485,"AM010471"
26166700,"AM010472"
11593317,"AM010473"
31127442,"AM010474"
31132514,"AM010475"
27788622,"AM010476"
13410867,"AM010477"
25345865,"AM010478"
31155834,"AM010479"
31160797,"AM010480"
17516457,"AM010481"
31204116,"AM010482"
31218456,"AM010483"
31148348,"AM010484"
31156426,"AM010485"
17216346,"AM010486"
11976657,"AM010487"
31287159,"AM010488"
21824498,"AM010489"
30314205,"AM010490"
13216793,"AM010491"
31250568,"AM010492"
31271332,"AM010493"
13564827,"AM010494"
31314107,"AM010495"
31347912,"AM010496"
31357375,"AM010497"
31349792,"AM010498"
31387864,"AM010499"
24405562,"AM010500"
31186371,"AM010501"
13204721,"AM010502"
31277594,"AM010503"
31424136,"AM010504"
31404428,"AM010505"
30977473,"AM010506"
31446042,"AM010507"
18708994,"AM010508"
31378031,"AM010509"
31448776,"AM010510"
31472863,"AM010511"
19984520,"AM010512"
15749679,"AM010513"
13840343,"AM010514"
28549433,"AM010515"
31512747,"AM010516"
31484253,"AM010517"
31338622,"AM010518"
16439658,"AM010519"
31248844,"AM010520"
31537690,"AM010521"
31547154,"AM010522"
31544364,"AM010523"
31574473,"AM010524"
15233369,"AM010525"
31528300,"AM010526"
31614319,"AM010527"
31611428,"AM010528"
31635587,"AM010529"
31607607,"AM010530"
31659639,"AM010531"
31680859,"AM010532"
31708005,"AM010533"
31717775,"AM010534"
31682071,"AM010535"
31479578,"AM010536"
31770783,"AM010537"
14286252,"AM010538"
21425024,"AM010539"
31859530,"AM010540"
31774350,"AM010541"
31842772,"AM010542"
31885173,"AM010543"
31867896,"AM010544"
15964221,"AM010545"
15225003,"AM010546"
22523217,"AM010547"
13201412,"AM010548"
31926353,"AM010549"
31977630,"AM010550"
14725803,"AM010551"
32010422,"AM010552"
31982579,"AM010553"
22738848,"AM010554"
31930679,"AM010555"
32044533,"AM010556"
32079267,"AM010557"
31922801,"AM010558"
31996794,"AM010559"
32112861,"AM010560"
31981141,"AM010561"
22823335,"AM010562"
32115219,"AM010563"
32100837,"AM010564"
32147641,"AM010565"
32158456,"AM010566"
32219755,"AM010567"
32128006,"AM010568"
32241606,"AM010569"
32254006,"AM010570"
20836094,"AM010571"
32285637,"AM010572"
32271380,"AM010573"
32318544,"AM010574"
23347531,"AM010575"
32298246,"AM010576"
31423599,"AM010577"
31969970,"AM010578"
17408772,"AM010579"
27778517,"AM010580"
24798776,"AM010581"
19177827,"AM010582"
32435386,"AM010583"
11091138,"AM010584"
30606788,"AM010585"
29003574,"AM010586"
32484566,"AM010587"
32327492,"AM010588"
32456282,"AM010589"
25452073,"AM010590"
32531169,"AM010591"
26653057,"AM010592"
32549230,"AM010593"
22194633,"AM010594"
32609497,"AM010595"
32605433,"AM010596"
21445857,"AM010597"
32602092,"AM010598"
32646179,"AM010599"
28568155,"AM010600"
32176098,"AM010601"
28376750,"AM010602"
16279647,"AM010603"
32781779,"AM010604"
31537443,"AM010605"
11575100,"AM010606"
32738713,"AM010607"
32811120,"AM010608"
22220099,"AM010609"
32785315,"AM010610"
21690556,"AM010611"
23229710,"AM010612"
32897674,"AM010613"
22496447,"AM010614"
32947315,"AM010615"
32847802,"AM010616"
17174149,"AM010617"
32989681,"AM010618"
19286637,"AM010619"
26141453,"AM010620"
32719844,"AM010621"
20564476,"AM010622"
31315302,"AM010623"
33012104,"AM010624"
33035479,"AM010625"
33061478,"AM010626"
18861174,"AM010627"
33086390,"AM010628"
33071367,"AM010629"
32909010,"AM010630"
27637128,"AM010631"
33082918,"AM010632"
33012421,"AM010633"
21112614,"AM010634"
33170240,"AM010635"
15570835,"AM010636"
33192442,"AM010637"
24795638,"AM010638"
31316235,"AM010639"
16904758,"AM010640"
33245803,"AM010641"
18064649,"AM010642"
33251947,"AM010643"
33056762,"AM010644"
32998476,"AM010645"
17482840,"AM010646"
33221047,"AM010647"
33284822,"AM010648"
11769532,"AM010649"
14317909,"AM010650"
11556750,"AM010651"
33328474,"AM010652"
33352840,"AM010653"
33394611,"AM010654"
33401704,"AM010655"
27883217,"AM010656"
23755891,"AM010657"
24434212,"AM010658"
25273085,"AM010659"
18290424,"AM010660"
33357636,"AM010661"
33367835,"AM010662"
33378183,"AM010663"
28533320,"AM010664"
21258147,"AM010665"
33607090,"AM010666"
13978471,"AM010667"
33613374,"AM010668"
29753336,"AM010669"
22445689,"AM010670"
33768553,"AM010671"
32478857,"AM010672"
33900489,"AM010673"
34056967,"AM010674"
28701154,"AM010675"
34177206,"AM010676"
12737343,"AM010677"
34231650,"AM010678"
34243754,"AM010679"
34274208,"AM010680"
14017494,"AM010681"
34486366,"AM010682"
29461442,"AM010683"
34455728,"AM010684"
34517866,"AM010685"
11365264,"AM010686"
26946850,"AM010687"
26383327,"AM010688"
33585330,"AM010689"
28484194,"AM010690"
34665842,"AM010691"
34886562,"AM010692"
35027171,"AM010693"
35041191,"AM010694"
14519370,"AM010695"
34906581,"AM010696"
35124717,"AM010697"
10608658,"AM010698"
35233147,"AM010699"
29302985,"AM010700"
35286879,"AM010701"
30458415,"AM010702"
31841003,"AM010703"
18538614,"AM010704"
34073575,"AM010705"
34462245,"AM010706"
35302733,"AM010707"
35425340,"AM010708"
35431547,"AM010709"
18042377,"AM010710"
35543750,"AM010711"
35574778,"AM010712"
35584340,"AM010713"
35363240,"AM010714"
15938943,"AM010715"
35613185,"AM010716"
35661014,"AM010717"
35674793,"AM010718"
16903995,"AM010719"
35320678,"AM010720"
35657820,"AM010721"
35762289,"AM010722"
12929685,"AM010723"
35573504,"AM010724"
35803870,"AM010725"
22177258,"AM010726"
35824598,"AM010727"
35834728,"AM010728"
35916466,"AM010729"
29215771,"AM010730"
36017610,"AM010731"
11130569,"AM010732"
24459622,"AM010733"
35893765,"AM010734"
36016989,"AM010735"
16974430,"AM010736"
27116599,"AM010737"
34946589,"AM010738"
20357166,"AM010739"
35842325,"AM010740"
16745430,"AM010741"
36077643,"AM010742"
36051759,"AM010743"
36039007,"AM010744"
35710822,"AM010745"
36152443,"AM010746"
12724943,"AM010747"
36191734,"AM010748"
23046535,"AM010749"
34447330,"AM010750"
34596287,"AM010751"
34602409,"AM010752"
34640759,"AM010753"
27138962,"AM010754"
34753136,"AM010755"
21043554,"AM010756"
34813658,"AM010757"
23908905,"AM010758"
20002954,"AM010759"
20309996,"AM010760"
12415263,"AM010761"
30959824,"AM010762"
36066155,"AM010763"
36674246,"AM010764"
35053442,"AM010765"
31661081,"AM010766"
31976101,"AM010767"
37462408,"AM010768"
36351466,"AM010769"
23641598,"AM010770"
36425956,"AM010771"
31037176,"AM010772"
18188653,"AM010773"
36487079,"AM010774"
35566272,"AM010775"
36684421,"AM010776"
16128530,"AM010777"
36761450,"AM010778"
22152336,"AM010779"
29141010,"AM010780"
12890578,"AM010781"
15891479,"AM010782"
37130143,"AM010783"
37136002,"AM010784"
37311238,"AM010785"
37283218,"AM010786"
36954531,"AM010787"
36730494,"AM010788"
37393805,"AM010789"
35165198,"AM010790"
37502560,"AM010791"
37635585,"AM010792"
36609994,"AM010793"
36155682,"AM010794"
25392816,"AM010795"
37138875,"AM010796"
37719421,"AM010797"
37753375,"AM010798"
25690332,"AM010799"
32569140,"AM010800"
10592227,"AM010801"
25339769,"AM010802"
15610726,"AM010803"
16711576,"AM010804"
14536399,"AM010805"
20395423,"AM010806"
19147268,"AM010807"
38182938,"AM010808"
38245459,"AM010809"
38296363,"AM010810"
20047229,"AM010811"
38350298,"AM010812"
38062685,"AM010813"
21753990,"AM010814"
30866706,"AM010815"
21522901,"AM010816"
17843971,"AM010817"
31236346,"AM010818"
31281353,"AM010819"
26563882,"AM010820"
27881778,"AM010821"
31381479,"AM010822"
11316255,"AM010823"
31436920,"AM010824"
16712050,"AM010825"
31461786,"AM010826"
24523725,"AM010827"
31506069,"AM010828"
31524199,"AM010829"
31603713,"AM010830"
31591221,"AM010831"
31793933,"AM010832"
31813039,"AM010833"
17803067,"AM010834"
32105065,"AM010835"
21453858,"AM010836"
13224857,"AM010837"
32330830,"AM010838"
19748546,"AM010839"
32380378,"AM010840"
21090310,"AM010841"
32372500,"AM010842"
17345655,"AM010843"
32418653,"AM010844"
32432185,"AM010845"
32212468,"AM010846"
11874357,"AM010847"
32685631,"AM010848"
32753192,"AM010849"
26918280,"AM010850"
17515858,"AM010851"
32930160,"AM010852"
27871980,"AM010853"
32984352,"AM010854"
33049207,"AM010855"
32267925,"AM010856"
33022790,"AM010857"
33117319,"AM010858"
18328172,"AM010859"
33136783,"AM010860"
33198844,"AM010861"
32931644,"AM010862"
33185235,"AM010863"
33182801,"AM010864"
33159894,"AM010865"
32795204,"AM010866"
33281885,"AM010867"
33191090,"AM010868"
32484636,"AM010869"
33227526,"AM010870"
33034546,"AM010871"
33369879,"AM010872"
25454404,"AM010873"
29559154,"AM010874"
33347033,"AM010875"
24707073,"AM010876"
33487133,"AM010877"
33506320,"AM010878"
33526634,"AM010879"
33534767,"AM010880"
27285387,"AM010881"
33611727,"AM010882"
33292272,"AM010883"
33704939,"AM010884"
33697550,"AM010885"
33840277,"AM010886"
34037012,"AM010887"
12941933,"AM010888"
33983794,"AM010889"
33975298,"AM010890"
34066104,"AM010891"
20521330,"AM010892"
12140064,"AM010893"
34126880,"AM010894"
34293812,"AM010895"
20070717,"AM010896"
34438381,"AM010897"
34131109,"AM010898"
33918581,"AM010899"
34459155,"AM010900"
34588192,"AM010901"
34645615,"AM010902"
34707373,"AM010903"
24720115,"AM010904"
34699100,"AM010905"
34784015,"AM010906"
10542455,"AM010907"
28708218,"AM010908"
34543315,"AM010909"
31813248,"AM010910"
28460035,"AM010911"
27241286,"AM010912"
13962452,"AM010913"
31535702,"AM010914"
35423856,"AM010915"
35448406,"AM010916"
13871246,"AM010917"
35697121,"AM010918"
35656904,"AM010919"
35569358,"AM010920"
35669311,"AM010921"
29411531,"AM010922"
19228686,"AM010923"
12517044,"AM010924"
35904494,"AM010925"
30365582,"AM010926"
35981321,"AM010927"
35968722,"AM010928"
24158897,"AM010929"
15238605,"AM010930"
32087376,"AM010931"
18106822,"AM010932"
36078855,"AM010933"
30044809,"AM010934"
36208788,"AM010935"
36244777,"AM010936"
35094955,"AM010937"
35874555,"AM010938"
22701930,"AM010939"
24904021,"AM010940"
36350571,"AM010941"
26809139,"AM010942"
28987972,"AM010943"
36214372,"AM010944"
20224925,"AM010945"
36379426,"AM010946"
36485345,"AM010947"
36408937,"AM010948"
36228908,"AM010949"
29462072,"AM010950"
36427387,"AM010951"
14079377,"AM010952"
36805831,"AM010953"
36875335,"AM010954"
36854718,"AM010955"
29240753,"AM010956"
17198501,"AM010957"
36925230,"AM010958"
11411345,"AM010959"
19228268,"AM010960"
32305290,"AM010961"
37109295,"AM010962"
37293842,"AM010963"
32974432,"AM010964"
37360076,"AM010965"
37428073,"AM010966"
28481784,"AM010967"
27435430,"AM010968"
37431219,"AM010969"
37366106,"AM010970"
36433003,"AM010971"
37590149,"AM010972"
37225630,"AM010973"
37581169,"AM010974"
14600098,"AM010975"
37777528,"AM010976"
37827865,"AM010977"
16393637,"AM010978"
11845359,"AM010979"
26531739,"AM010980"
36126963,"AM010981"
16475320,"AM010982"
23469671,"AM010983"
35833042,"AM010984"
38097720,"AM010985"
38059160,"AM010986"
37964593,"AM010987"
26296221,"AM010988"
22997995,"AM010989"
11591126,"AM010990"
37919074,"AM010991"
36410644,"AM010992"
38223574,"AM010993"
14510296,"AM010994"
12850587,"AM010995"
19342241,"AM010996"
38555233,"AM010997"
29442186,"AM010998"
38757116,"AM010999"
38800180,"AM011000"
10576605,"AM011001"
10588040,"AM011002"
10597835,"AM011003"
10688229,"AM011004"
10694387,"AM011005"
10777631,"AM011006"
10810019,"AM011007"
10878433,"AM011008"
11042415,"AM011009"
11135184,"AM011010"
11142005,"AM011011"
11281063,"AM011012"
11309372,"AM011013"
11414173,"AM011014"
11507657,"AM011015"
11535289,"AM011016"
11544889,"AM011017"
11556572,"AM011018"
11746933,"AM011019"
11750932,"AM011020"
11839943,"AM011021"
11912158,"AM011022"
11954051,"AM011023"
12043822,"AM011024"
12070831,"AM011025"
12143809,"AM011026"
12222175,"AM011027"
12230479,"AM011028"
12379064,"AM011029"
12398421,"AM011030"
12424166,"AM011031"
12555356,"AM011032"
12616028,"AM011033"
12691764,"AM011034"
12696327,"AM011035"
12742732,"AM011036"
12896893,"AM011037"
12977660,"AM011038"
13074797,"AM011039"
13088253,"AM011040"
13097822,"AM011041"
13101644,"AM011042"
13138639,"AM011043"
13138994,"AM011044"
13151889,"AM011045"
13230984,"AM011046"
13253785,"AM011047"
13386762,"AM011048"
13432379,"AM011049"
13472625,"AM011050"
13508827,"AM011051"
13614467,"AM011052"
13619710,"AM011053"
13662202,"AM011054"
13740979,"AM011055"
13761224,"AM011056"
13771416,"AM011057"
13794907,"AM011058"
13829276,"AM011059"
13919124,"AM011060"
13926850,"AM011061"
13947662,"AM011062"
14029752,"AM011063"
14058356,"AM011064"
14148545,"AM011065"
14308671,"AM011066"
14316418,"AM011067"
14319710,"AM011068"
14371390,"AM011069"
14446751,"AM011070"
14478183,"AM011071"
14489385,"AM011072"
14639159,"AM011073"
14709041,"AM011074"
14784895,"AM011075"
14796968,"AM011076"
14867257,"AM011077"
14893876,"AM011078"
14899292,"AM011079"
14965687,"AM011080"
14967544,"AM011081"
15010489,"AM011082"
15023029,"AM011083"
15065249,"AM011084"
15227218,"AM011085"
15338187,"AM011086"
15424855,"AM011087"
15501240,"AM011088"
15510383,"AM011089"
15526984,"AM011090"
15694483,"AM011091"
15811598,"AM011092"
15832401,"AM011093"
15867849,"AM011094"
15871538,"AM011095"
15956181,"AM011096"
16001945,"AM011097"
16075768,"AM011098"
16081787,"AM011099"
16090774,"AM011100"
16132786,"AM011101"
16133013,"AM011102"
16236493,"AM011103"
16277418,"AM011104"
16296642,"AM011105"
16335996,"AM011106"
16416802,"AM011107"
16472251,"AM011108"
16500930,"AM011109"
16538935,"AM011110"
16556902,"AM011111"
16580347,"AM011112"
16622450,"AM011113"
16711569,"AM011114"
16733886,"AM011115"
16886742,"AM011116"
16954513,"AM011117"
16989968,"AM011118"
17050267,"AM011119"
17162829,"AM011120"
17263931,"AM011121"
17296188,"AM011122"
17345972,"AM011123"
17393616,"AM011124"
17428310,"AM011125"
17484062,"AM011126"
17504168,"AM011127"
17577382,"AM011128"
17631666,"AM011129"
17750808,"AM011130"
17830177,"AM011131"
17964467,"AM011132"
18120099,"AM011133"
18164114,"AM011134"
18167997,"AM011135"
18231766,"AM011136"
18236499,"AM011137"
18750630,"AM011138"
18812228,"AM011139"
18982963,"AM011140"
18990483,"AM011141"
18990825,"AM011142"
19068101,"AM011143"
19075680,"AM011144"
19134990,"AM011145"
19200640,"AM011146"
19576169,"AM011147"
19725310,"AM011148"
19788366,"AM011149"
19824192,"AM011150"
19936266,"AM011151"
19942711,"AM011152"
20005294,"AM011153"
20193317,"AM011154"
20488806,"AM011155"
20564779,"AM011156"
20701578,"AM011157"
20777025,"AM011158"
20870575,"AM011159"
20930105,"AM011160"
20941004,"AM011161"
21045233,"AM011162"
21117152,"AM011163"
21122433,"AM011164"
21152357,"AM011165"
21175590,"AM011166"
21254734,"AM011167"
21320220,"AM011168"
21320491,"AM011169"
21353453,"AM011170"
21392496,"AM011171"
21456174,"AM011172"
21532674,"AM011173"
21671841,"AM011174"
21734487,"AM011175"
21860317,"AM011176"
21997543,"AM011177"
22054766,"AM011178"
22161741,"AM011179"
22179704,"AM011180"
22234353,"AM011181"
22276496,"AM011182"
22281429,"AM011183"
22366870,"AM011184"
22422718,"AM011185"
22444648,"AM011186"
22575869,"AM011187"
22638917,"AM011188"
22751719,"AM011189"
22816988,"AM011190"
23043226,"AM011191"
23136623,"AM011192"
23200036,"AM011193"
23393844,"AM011194"
23410756,"AM011195"
23506594,"AM011196"
23535080,"AM011197"
23552472,"AM011198"
23578443,"AM011199"
23585489,"AM011200"
23616174,"AM011201"
23654260,"AM011202"
23679276,"AM011203"
23687006,"AM011204"
23693878,"AM011205"
23706680,"AM011206"
23709177,"AM011207"
23721038,"AM011208"
23740882,"AM011209"
23742446,"AM011210"
23784471,"AM011211"
23810534,"AM011212"
23814752,"AM011213"
23832224,"AM011214"
23846906,"AM011215"
23876611,"AM011216"
23877032,"AM011217"
23881055,"AM011218"
23895333,"AM011219"
23908114,"AM011220"
23937686,"AM011221"
23938254,"AM011222"
23955963,"AM011223"
23956308,"AM011224"
23959592,"AM011225"
23961665,"AM011226"
23970652,"AM011227"
23993903,"AM011228"
23998371,"AM011229"
24020233,"AM011230"
24027140,"AM011231"
24028460,"AM011232"
24030379,"AM011233"
24043351,"AM011234"
24065902,"AM011235"
24078294,"AM011236"
24087399,"AM011237"
24122463,"AM011238"
24167428,"AM011239"
24167675,"AM011240"
24174185,"AM011241"
24176369,"AM011242"
24180560,"AM011243"
24200596,"AM011244"
24254531,"AM011245"
24257129,"AM011246"
24289614,"AM011247"
24293264,"AM011248"
24303147,"AM011249"
24312088,"AM011250"
24317432,"AM011251"
24318644,"AM011252"
24354215,"AM011253"
24364957,"AM011254"
24368346,"AM011255"
24381077,"AM011256"
24414364,"AM011257"
24418366,"AM011258"
24422839,"AM011259"
24426590,"AM011260"
24428983,"AM011261"
24428990,"AM011262"
24465836,"AM011263"
24478522,"AM011264"
24491727,"AM011265"
24532394,"AM011266"
24534523,"AM011267"
24542656,"AM011268"
24545910,"AM011269"
24547358,"AM011270"
24574019,"AM011271"
24604097,"AM011272"
24605449,"AM011273"
24610340,"AM011274"
24674173,"AM011275"
24685445,"AM011276"
24686905,"AM011277"
24722609,"AM011278"
24755825,"AM011279"
24805643,"AM011280"
24809140,"AM011281"
24821537,"AM011282"
24845331,"AM011283"
24917546,"AM011284"
24956750,"AM011285"
24956952,"AM011286"
24961341,"AM011287"
24977221,"AM011288"
25001831,"AM011289"
25023141,"AM011290"
25042717,"AM011291"
25084317,"AM011292"
25096846,"AM011293"
25122668,"AM011294"
25168330,"AM011295"
25180859,"AM011296"
25194221,"AM011297"
25198610,"AM011298"
25209813,"AM011299"
25238455,"AM011300"
25243147,"AM011301"
25268261,"AM011302"
25269240,"AM011303"
25273333,"AM011304"
25351846,"AM011305"
25351923,"AM011306"
25366901,"AM011307"
25393578,"AM011308"
25394247,"AM011309"
25407864,"AM011310"
25410202,"AM011311"
25444971,"AM011312"
25449673,"AM011313"
25454714,"AM011314"
25559563,"AM011315"
25565645,"AM011316"
25582176,"AM011317"
25603080,"AM011318"
25623200,"AM011319"
25624861,"AM011320"
25637634,"AM011321"
25638086,"AM011322"
25647275,"AM011323"
25647530,"AM011324"
25687343,"AM011325"
25691032,"AM011326"
25704091,"AM011327"
25704774,"AM011328"
25713987,"AM011329"
25730519,"AM011330"
25733417,"AM011331"
25743065,"AM011332"
25746103,"AM011333"
25750582,"AM011334"
25789148,"AM011335"
25794032,"AM011336"
25794359,"AM011337"
25802421,"AM011338"
25805949,"AM011339"
25806670,"AM011340"
25850336,"AM011341"
25852363,"AM011342"
25889233,"AM011343"
25930256,"AM011344"
25933712,"AM011345"
25941061,"AM011346"
25968213,"AM011347"
25986723,"AM011348"
26004732,"AM011349"
26017459,"AM011350"
26039226,"AM011351"
26042316,"AM011352"
26046628,"AM011353"
26104810,"AM011354"
26107299,"AM011355"
26127248,"AM011356"
26140234,"AM011357"
26154000,"AM011358"
26181266,"AM011359"
26183774,"AM011360"
26255895,"AM011361"
26271873,"AM011362"
26278937,"AM011363"
26288679,"AM011364"
26315146,"AM011365"
26368690,"AM011366"
26372093,"AM011367"
26384166,"AM011368"
26388269,"AM011369"
26396765,"AM011370"
26397186,"AM011371"
26401427,"AM011372"
26435026,"AM011373"
26463069,"AM011374"
26465173,"AM011375"
26471813,"AM011376"
26493356,"AM011377"
26513522,"AM011378"
26517151,"AM011379"
26545574,"AM011380"
26566292,"AM011381"
26580180,"AM011382"
26581828,"AM011383"
26582364,"AM011384"
26584733,"AM011385"
26585402,"AM011386"
26597481,"AM011387"
26598895,"AM011388"
26613655,"AM011389"
26614696,"AM011390"
26614843,"AM011391"
26619002,"AM011392"
26640570,"AM011393"
26643865,"AM011394"
26668460,"AM011395"
26686709,"AM011396"
26721981,"AM011397"
26726506,"AM011398"
26758697,"AM011399"
26760739,"AM011400"
26785428,"AM011401"
26793506,"AM011402"
26794004,"AM011403"
26809641,"AM011404"
26810139,"AM011405"
26869155,"AM011406"
26875244,"AM011407"
26883485,"AM011408"
26916138,"AM011409"
26927525,"AM011410"
26948166,"AM011411"
26956338,"AM011412"
26968432,"AM011413"
26996590,"AM011414"
26999094,"AM011415"
27067046,"AM011416"
27071379,"AM011417"
27096912,"AM011418"
27116188,"AM011419"
27124350,"AM011420"
27126130,"AM011421"
27157925,"AM011422"
27161962,"AM011423"
27163526,"AM011424"
27163944,"AM011425"
27180785,"AM011426"
27191189,"AM011427"
27204573,"AM011428"
27221439,"AM011429"
27241945,"AM011430"
27260782,"AM011431"
27282953,"AM011432"
27292936,"AM011433"
27292974,"AM011434"
27305591,"AM011435"
27313136,"AM011436"
27314658,"AM011437"
27326675,"AM011438"
27334289,"AM011439"
27337884,"AM011440"
27346561,"AM011441"
27371783,"AM011442"
27381502,"AM011443"
27381982,"AM011444"
27392627,"AM011445"
27394818,"AM011446"
27400643,"AM011447"
27416136,"AM011448"
27449989,"AM011449"
27451780,"AM011450"
27466085,"AM011451"
27473432,"AM011452"
27488782,"AM011453"
27531895,"AM011454"
27536270,"AM011455"
27575819,"AM011456"
27601477,"AM011457"
27612934,"AM011458"
27639869,"AM011459"
27663583,"AM011460"
27705278,"AM011461"
27732465,"AM011462"
27755329,"AM011463"
27779503,"AM011464"
27781359,"AM011465"
27795752,"AM011466"
27825653,"AM011467"
27838091,"AM011468"
27859618,"AM011469"
27862474,"AM011470"
27871966,"AM011471"
27889448,"AM011472"
27892019,"AM011473"
27892374,"AM011474"
27912038,"AM011475"
27916047,"AM011476"
27940709,"AM011477"
27956913,"AM011478"
27958452,"AM011479"
27975008,"AM011480"
27982239,"AM011481"
27988578,"AM011482"
27989348,"AM011483"
28029441,"AM011484"
28038508,"AM011485"
28042684,"AM011486"
28046383,"AM011487"
28047843,"AM011488"
28055217,"AM011489"
28057338,"AM011490"
28069014,"AM011491"
28075064,"AM011492"
28076911,"AM011493"
28077813,"AM011494"
28091352,"AM011495"
28120919,"AM011496"
28125217,"AM011497"
28137715,"AM011498"
28157012,"AM011499"
28162146,"AM011500"
28205144,"AM011501"
28236821,"AM011502"
28254634,"AM011503"
28264965,"AM011504"
28268246,"AM011505"
28274791,"AM011506"
28308834,"AM011507"
28314790,"AM011508"
28336860,"AM011509"
28341761,"AM011510"
28352336,"AM011511"
28366001,"AM011512"
28440961,"AM011513"
28441623,"AM011514"
28444158,"AM011515"
28450247,"AM011516"
28465852,"AM011517"
28483812,"AM011518"
28506195,"AM011519"
28517119,"AM011520"
28553603,"AM011521"
28564937,"AM011522"
28567361,"AM011523"
28598226,"AM011524"
28618771,"AM011525"
28626222,"AM011526"
28641283,"AM011527"
28649232,"AM011528"
28709437,"AM011529"
28714174,"AM011530"
28718006,"AM011531"
28732893,"AM011532"
28740522,"AM011533"
28760850,"AM011534"
28763587,"AM011535"
28768188,"AM011536"
28775458,"AM011537"
28789318,"AM011538"
28792028,"AM011539"
28820651,"AM011540"
28825120,"AM011541"
28827188,"AM011542"
28828282,"AM011543"
28869788,"AM011544"
28875752,"AM011545"
28883203,"AM011546"
28893767,"AM011547"
28895150,"AM011548"
28902010,"AM011549"
28903347,"AM011550"
28916994,"AM011551"
28920412,"AM011552"
28927538,"AM011553"
28931450,"AM011554"
28937319,"AM011555"
28942599,"AM011556"
28950639,"AM011557"
28955773,"AM011558"
28964195,"AM011559"
29003389,"AM011560"
29006085,"AM011561"
29018057,"AM011562"
29030932,"AM011563"
29037445,"AM011564"
29038145,"AM011565"
29049082,"AM011566"
29049347,"AM011567"
29057076,"AM011568"
29069529,"AM011569"
29081264,"AM011570"
29086214,"AM011571"
29099582,"AM011572"
29102091,"AM011573"
29105324,"AM011574"
29108905,"AM011575"
29150805,"AM011576"
29162745,"AM011577"
29172261,"AM011578"
29177646,"AM011579"
29207895,"AM011580"
29224155,"AM011581"
29225709,"AM011582"
29235193,"AM011583"
29253843,"AM011584"
29257092,"AM011585"
29258336,"AM011586"
29259764,"AM011587"
29269172,"AM011588"
29271656,"AM011589"
29288306,"AM011590"
29291148,"AM011591"
29301766,"AM011592"
29302428,"AM011593"
29302598,"AM011594"
29356836,"AM011595"
29365296,"AM011596"
29378317,"AM011597"
29387481,"AM011598"
29388352,"AM011599"
29411098,"AM011600"
29412224,"AM011601"
29416529,"AM011602"
29419410,"AM011603"
29423077,"AM011604"
29429772,"AM011605"
29445178,"AM011606"
29451382,"AM011607"
29453465,"AM011608"
29457917,"AM011609"
29461644,"AM011610"
29486674,"AM011611"
29487893,"AM011612"
29499492,"AM011613"
29512542,"AM011614"
29517749,"AM011615"
29530627,"AM011616"
29531613,"AM011617"
29540864,"AM011618"
29562460,"AM011619"
29574021,"AM011620"
29574317,"AM011621"
29585139,"AM011622"
29602647,"AM011623"
29620412,"AM011624"
29622502,"AM011625"
29634808,"AM011626"
29638165,"AM011627"
29643763,"AM011628"
29646957,"AM011629"
29651632,"AM011630"
29663527,"AM011631"
29676390,"AM011632"
29682667,"AM011633"
29697443,"AM011634"
29704529,"AM011635"
29707357,"AM011636"
29720110,"AM011637"
29724530,"AM011638"
29724857,"AM011639"
29732182,"AM011640"
29741326,"AM011641"
29746826,"AM011642"
29751556,"AM011643"
29751866,"AM011644"
29752100,"AM011645"
29760149,"AM011646"
29771707,"AM011647"
29771752,"AM011648"
29776346,"AM011649"
29784549,"AM011650"
29784796,"AM011651"
29800768,"AM011652"
29816787,"AM011653"
29817836,"AM011654"
29818992,"AM011655"
29822270,"AM011656"
29848993,"AM011657"
29870419,"AM011658"
29885132,"AM011659"
29916175,"AM011660"
29920275,"AM011661"
29921906,"AM011662"
29928217,"AM011663"
29934940,"AM011664"
29943324,"AM011665"
29967654,"AM011666"
30009433,"AM011667"
30009781,"AM011668"
30046975,"AM011669"
30055474,"AM011670"
30061316,"AM011671"
30072037,"AM011672"
30074583,"AM011673"
30082623,"AM011674"
30087767,"AM011675"
30119190,"AM011676"
30156074,"AM011677"
30173846,"AM011678"
30187148,"AM011679"
30188893,"AM011680"
30221271,"AM011681"
30229840,"AM011682"
30253533,"AM011683"
30288926,"AM011684"
30300648,"AM011685"
30305528,"AM011686"
30314522,"AM011687"
30322390,"AM011688"
30322530,"AM011689"
30325508,"AM011690"
30331659,"AM011691"
30348772,"AM011692"
30368079,"AM011693"
30372713,"AM011694"
30395026,"AM011695"
30405738,"AM011696"
30410963,"AM011697"
30415090,"AM011698"
30418518,"AM011699"
30418897,"AM011700"
30471076,"AM011701"
30474215,"AM011702"
30478495,"AM011703"
30508853,"AM011704"
30519271,"AM011705"
30530672,"AM011706"
30560604,"AM011707"
30602027,"AM011708"
30648667,"AM011709"
30649552,"AM011710"
30657755,"AM011711"
30695702,"AM011712"
30730528,"AM011713"
30735996,"AM011714"
30785100,"AM011715"
30804993,"AM011716"
30829219,"AM011717"
30850011,"AM011718"
30867057,"AM011719"
30876277,"AM011720"
30886173,"AM011721"
31073336,"AM011722"
31074106,"AM011723"
31131629,"AM011724"
31138396,"AM011725"
31167604,"AM011726"
31259464,"AM011727"
31330318,"AM011728"
31332895,"AM011729"
31333780,"AM011730"
31393388,"AM011731"
31403076,"AM011732"
31409771,"AM011733"
31434885,"AM011734"
31506526,"AM011735"
31590141,"AM011736"
31595122,"AM011737"
31620732,"AM011738"
31624169,"AM011739"
31643324,"AM011740"
31700513,"AM011741"
31775151,"AM011742"
31875277,"AM011743"
32023327,"AM011744"
32034428,"AM011745"
32288573,"AM011746"
32360831,"AM011747"
32424300,"AM011748"
32425909,"AM011749"
32509023,"AM011750"
32535774,"AM011751"
32547948,"AM011752"
32558234,"AM011753"
32647329,"AM011754"
32689462,"AM011755"
32794542,"AM011756"
32830741,"AM011757"
32884685,"AM011758"
32951888,"AM011759"
33042903,"AM011760"
33057765,"AM011761"
33115755,"AM011762"
33268154,"AM011763"
33281311,"AM011764"
33540995,"AM011765"
33836665,"AM011766"
33928393,"AM011767"
33989259,"AM011768"
34182107,"AM011769"
34283543,"AM011770"
34317345,"AM011771"
